{"cameraMode":{"drawMode":0,"name":"Shaded","section":"Shading Mode"},"sceneLighting":true,"audioPlay":false,"sceneViewState":{"m_AlwaysRefresh":false,"showFog":true,"showSkybox":true,"showFlares":true,"showImageEffects":true,"showParticleSystems":true,"showVisualEffectGraphs":true,"m_FxEnabled":true},"in2DMode":false,"pivot":{"x":-0.3261556625366211,"y":2.460919141769409,"z":-0.026897907257080079},"rotation":{"x":-0.004091901704668999,"y":0.9255390167236328,"z":-0.010005001910030842,"w":-0.3785001039505005},"size":6.2265753746032719,"orthographic":false}